"전철역코드","전철역명","호선","외부코드","사이버스테이션","X좌표","Y좌표","X좌표(WGS)","Y좌표(WGS)"
"2818","가락시장","8","817","2818","525992","1108579","37.492522","127.118234"
"0340","가락시장","3","350","2818","525992","1108579","37.492522","127.118234"
"2535","종로3가","5","534","0153","498060","1130332","37.571607","126.991806"
"0319","종로3가","3","329","0153","498060","1130332","37.571607","126.991806"
"0153","종로3가","1","130","0153","498060","1130332","37.571607","126.991806"
"2558","오금","5","P552","2558","528137","1111147","37.502162","127.128111"
"0342","오금","3","352","2558","528137","1111147","37.502162","127.128111"
"0155","동대문","1","128","0155","502155","1130180","37.571420","127.009745"
"0421","동대문","4","421","0155","502155","1130180","37.571420","127.009745"
"2537","동대문역사문화공원","5","536","0205","501555","1128600","37.565138","127.007896"
"0205","동대문역사문화공원","2","205","0205","501555","1128600","37.565138","127.007896"
"0422","동대문역사문화공원","4","422","0205","501555","1128600","37.565138","127.007896"
"0321","충무로","3","331","0321","498550","1127582","37.561243","126.994280"
"0423","충무로","4","423","0321","498550","1127582","37.561243","126.994280"
"1291","서울","A","A01","0150","493365","1125595","37.554648","126.972559"
"0150","서울","1","133","0150","493365","1125595","37.554648","126.972559"
"0426","서울","4","426","0150","493365","1125595","37.554648","126.972559"
"0234","신도림","2","234","0234","475755","1112937","37.508725","126.891295"
"1007","신도림","1","140","0234","475755","1112937","37.508725","126.891295"
"1008","이촌","K","K111","0430","494107","1116637","37.522272","126.974345"
"0430","이촌","4","430","0430","494107","1116637","37.522272","126.974345"
"0208","왕십리","2","208","0208","508015","1127512","37.561533","127.037732"
"1845","왕십리","B","K210","0208","508015","1127512","37.561533","127.037732"
"2541","왕십리","5","540","0208","508015","1127512","37.561533","127.037732"
"1013","왕십리","K","K116","0208","508015","1127512","37.561533","127.037732"
"0201","시청","2","201","0151","494587","1128532","37.564718","126.977108"
"0151","시청","1","132","0151","494587","1128532","37.564718","126.977108"
"0223","교대","2","223","0330","502900","1108655","37.493415","127.014080"
"0330","교대","3","340","0330","502900","1108655","37.493415","127.014080"
"4713","신설동","UI","953","0156","505342","1131412","37.575297","127.025087"
"0246","신설동","2","211-4","0156","505342","1131412","37.575297","127.025087"
"0156","신설동","1","126","0156","505342","1131412","37.575297","127.025087"
"0214","강변","2","214","0214","520755","1120262","37.535095","127.094681"
"2519","까치산","5","518","2519","466017","1119387","37.531768","126.846683"
"0260","까치산","2","234-4","2519","466017","1119387","37.531768","126.846683"
"2535","종로3가","5","534","0153","498060","1130332","37.571607","126.991806"
"0319","종로3가","3","329","0153","498060","1130332","37.571607","126.991806"
"0153","종로3가","1","130","0153","498060","1130332","37.571607","126.991806"
"0320","을지로3가","3","330","0203","497895","1128945","37.566295","126.991910"
"0203","을지로3가","2","203","0203","497895","1128945","37.566295","126.991910"
"1264","홍대입구","K","K314","0239","483315","1126247","37.557192","126.925381"
"1293","홍대입구","A","A03","0239","483315","1126247","37.557192","126.925381"
"0239","홍대입구","2","239","0239","483315","1126247","37.557192","126.925381"
"1019","광운대","1","119","1019","513467","1144785","37.623632","127.061835"
"1308","광운대","G","P119","1019","513467","1144785","37.623632","127.061835"
"2722","상봉","7","720","2722","518665","1137145","37.596362","127.085032"
"1202","상봉","K","K120","2722","518665","1137145","37.596362","127.085032"
"1309","상봉","G","P120","2722","518665","1137145","37.596362","127.085032"
"1203","망우","K","K121","1203","520227","1138095","37.599550","127.091909"
"1310","망우","G","P121","1203","520227","1138095","37.599550","127.091909"
"2524","영등포구청","5","523","0236","476875","1117441","37.524970","126.895951"
"0236","영등포구청","2","236","0236","476875","1117441","37.524970","126.895951"
"1032","신길","1","138","1032","481420","1115205","37.517122","126.917169"
"2526","신길","5","525","1032","481420","1115205","37.517122","126.917169"
"2535","종로3가","5","534","0153","498060","1130332","37.571607","126.991806"
"0319","종로3가","3","329","0153","498060","1130332","37.571607","126.991806"
"0153","종로3가","1","130","0153","498060","1130332","37.571607","126.991806"
"2536","을지로4가","5","535","0204","499460","1129122","37.566941","126.998079"
"0204","을지로4가","2","204","0204","499460","1129122","37.566941","126.998079"
"0238","합정","2","238","0238","480875","1124362","37.549463","126.913739"
"2623","합정","6","622","0238","480875","1124362","37.549463","126.913739"
"1292","공덕","A","A02","2530","489187","1122797","37.544018","126.951592"
"1262","공덕","K","K312","2530","489187","1122797","37.544018","126.951592"
"2627","공덕","6","626","2530","489187","1122797","37.544018","126.951592"
"2530","공덕","5","529","2530","489187","1122797","37.544018","126.951592"
"2629","삼각지","6","628","0428","493970","1120167","37.534777","126.973110"
"0428","삼각지","4","428","0428","493970","1120167","37.534777","126.973110"
"0323","약수","3","333","0323","502197","1125470","37.554340","127.010655"
"2634","약수","6","633","0323","502197","1125470","37.554340","127.010655"
"0206","신당","2","206","0206","503765","1128712","37.565972","127.017820"
"2636","신당","6","635","0206","503765","1128712","37.565972","127.017820"
"2637","동묘앞","6","636","0159","503422","1130557","37.572627","127.016429"
"0159","동묘앞","1","127","0159","503422","1130557","37.572627","127.016429"
"2645","석계","6","644","1018","514452","1142315","37.614805","127.065851"
"1018","석계","1","120","1018","514452","1142315","37.614805","127.065851"
"1903","도봉산","1","113","1903","510065","1163090","37.689313","127.046222"
"2712","도봉산","7","710","1903","510065","1163090","37.689313","127.046222"
"0208","왕십리","2","208","0208","508015","1127512","37.561533","127.037732"
"1845","왕십리","B","K210","0208","508015","1127512","37.561533","127.037732"
"2541","왕십리","5","540","0208","508015","1127512","37.561533","127.037732"
"1013","왕십리","K","K116","0208","508015","1127512","37.561533","127.037732"
"2613","불광","6","612","0312","484337","1140982","37.610469","126.929887"
"0312","불광","3","322","0312","484337","1140982","37.610469","126.929887"
"2615","연신내","6","614","0311","482372","1143485","37.619001","126.921008"
"0311","연신내","3","321","0311","482372","1143485","37.619001","126.921008"
"1708","금정","1","P149","1458","487357","1075022","37.372221","126.943429"
"1458","금정","4","443","1458","487357","1075022","37.372221","126.943429"
"1713","수원","1","P155","1713","499747","1045517","37.265974","126.999874"
"1846","수원","B","K245","1713","499747","1045517","37.265974","126.999874"
"3130","원인재","I","I130","3130","430747","1086298","37.412603","126.687389"
"1884","원인재","SU","K257","3130","430747","1086298","37.412603","126.687389"
"1306","회기","G","P117","1015","512662","1135362","37.589460","127.057583"
"1015","회기","1","123","1015","512662","1135362","37.589460","127.057583"
"1200","회기","K","K118","1015","512662","1135362","37.589460","127.057583"
"2722","상봉","7","720","2722","518665","1137145","37.596362","127.085032"
"1202","상봉","K","K120","2722","518665","1137145","37.596362","127.085032"
"1309","상봉","G","P120","2722","518665","1137145","37.596362","127.085032"
"1953","대곡","3","315","1953","458007","1147052","37.631626","126.811024"
"1249","대곡","K","K322","1953","458007","1147052","37.631626","126.811024"
"1292","공덕","A","A02","2530","489187","1122797","37.544018","126.951592"
"1262","공덕","K","K312","2530","489187","1122797","37.544018","126.951592"
"2627","공덕","6","626","2530","489187","1122797","37.544018","126.951592"
"2530","공덕","5","529","2530","489187","1122797","37.544018","126.951592"
"1294","디지털미디어시티","A","A04","2619","477750","1131825","37.576646","126.900984"
"2619","디지털미디어시티","6","618","2619","477750","1131825","37.576646","126.900984"
"1266","디지털미디어시티","K","K316","2619","477750","1131825","37.576646","126.900984"
"4602","회룡","U","U111","1905","510190","1172670","37.724846","127.046895"
"1905","회룡","1","111","1905","510190","1172670","37.724846","127.046895"
"4311","판교","S","D11","4311","524500","1081300","37.394761","127.111217"
"1501","판교","KK","K410","4311","524500","1081300","37.394761","127.111217"
"1877","오이도","SU","K250","1762","441955","1072345","37.362357","126.738714"
"1762","오이도","4","456","1762","441955","1072345","37.362357","126.738714"
"1502","이매","KK","K411","1860","528285","1081810","37.396104","127.128270"
"1860","이매","B","K227","1860","528285","1081810","37.396104","127.128270"
"4127","선정릉","9","927","1850","509542","1113380","37.510980","127.043593"
"1850","선정릉","B","K214","1850","509542","1113380","37.510980","127.043593"
"0218","종합운동장","2","218","0218","516222","1113652","37.510997","127.073642"
"4130","종합운동장","9","930","0218","516222","1113652","37.510997","127.073642"
"2812","천호","8","811","2548","527042","1121095","37.538397","127.123572"
"2548","천호","5","547","2548","527042","1121095","37.538397","127.123572"
"0412","창동","4","412","0412","510370","1153032","37.653166","127.047731"
"1022","창동","1","116","0412","510370","1153032","37.653166","127.047731"
"0433","사당","4","433","0226","495760","1104005","37.476530","126.981685"
"0226","사당","2","226","0226","495760","1104005","37.476530","126.981685"
"2715","노원","7","713","0411","513622","1153612","37.655128","127.061368"
"0411","노원","4","411","0411","513622","1153612","37.655128","127.061368"
"2727","군자","7","725","2545","517395","1126285","37.557121","127.079542"
"2545","군자","5","544","2545","517395","1126285","37.557121","127.079542"
"2729","건대입구","7","727","0212","515365","1121815","37.540693","127.070230"
"0212","건대입구","2","212","0212","515365","1121815","37.540693","127.070230"
"4123","고속터미널","9","923","0329","500913","1111778","37.504810","127.004943"
"2736","고속터미널","7","734","0329","500913","1111778","37.504810","127.004943"
"0329","고속터미널","3","339","0329","500913","1111778","37.504810","127.004943"
"2738","총신대입구(이수)","7","736","0432","495900","1106635","37.486263","126.981989"
"0432","총신대입구(이수)","4","432","0432","495900","1106635","37.486263","126.981989"
"2746","대림","7","744","0233","476705","1108675","37.492970","126.895801"
"0233","대림","2","233","0233","476705","1108675","37.492970","126.895801"
"2748","가산디지털단지","7","746","1702","473861","1105307","37.481072","126.882343"
"1702","가산디지털단지","1","P142","1702","473861","1105307","37.481072","126.882343"
"2752","온수","7","750","1821","460825","1108360","37.492258","126.823388"
"1821","온수","1","145","1821","460825","1108360","37.492258","126.823388"
"3118","부평구청","I","I118","3118","438020","1112972","37.508336","126.720548"
"2761","부평구청","7","759","3118","438020","1112972","37.508336","126.720548"
"2815","잠실","8","814","0216","522390","1114282","37.513950","127.102234"
"0216","잠실","2","216","0216","522390","1114282","37.513950","127.102234"
"2821","복정","8","820","1031","527842","1102047","37.470047","127.126662"
"1031","복정","B","K222","1031","527842","1102047","37.470047","127.126662"
"1853","모란","B","K225","1853","528402","1091947","37.432130","127.129087"
"2827","모란","8","826","1853","528402","1091947","37.432130","127.129087"
"3120","부평","I","I120","1806","438837","1107772","37.489493","126.724805"
"1806","부평","1","152","1806","438837","1107772","37.489493","126.724805"
"4113","당산","9","913","0237","478290","1120184","37.534380","126.902281"
"0237","당산","2","237","0237","478290","1120184","37.534380","126.902281"
"2527","여의도","5","526","2527","483100","1116530","37.521624","126.924191"
"4115","여의도","9","915","2527","483100","1116530","37.521624","126.924191"
"4120","동작","9","920","0431","495157","1111287","37.502971","126.979306"
"0431","동작","4","431","0431","495157","1111287","37.502971","126.979306"
"4123","고속터미널","9","923","0329","500913","1111778","37.504810","127.004943"
"2736","고속터미널","7","734","0329","500913","1111778","37.504810","127.004943"
"0329","고속터미널","3","339","0329","500913","1111778","37.504810","127.004943"
"4102","김포공항","9","902","2513","455957","1127820","37.562434","126.801058"
"4207","김포공항","A","A05","2513","455957","1127820","37.562434","126.801058"
"2513","김포공항","5","512","2513","455957","1127820","37.562434","126.801058"
"4307","강남","S","D7","0222","506032","1109640","37.497175","127.027926"
"0222","강남","2","222","0222","506032","1109640","37.497175","127.027926"
"4308","양재","S","D8","0332","507387","1106032","37.484147","127.034631"
"0332","양재","3","342","0332","507387","1106032","37.484147","127.034631"
"4312","정자","S","D12","1857","523707","1073515","37.367060","127.108105"
"1857","정자","B","K230","1857","523707","1073515","37.367060","127.108105"
"0208","왕십리","2","208","0208","508015","1127512","37.561533","127.037732"
"1845","왕십리","B","K210","0208","508015","1127512","37.561533","127.037732"
"2541","왕십리","5","540","0208","508015","1127512","37.561533","127.037732"
"1013","왕십리","K","K116","0208","508015","1127512","37.561533","127.037732"
"1849","강남구청","B","K213","2732","508965","1115207","37.517186","127.041280"
"2732","강남구청","7","730","2732","508965","1115207","37.517186","127.041280"
"1023","선릉","B","K215","0220","510742","1111880","37.504503","127.049008"
"0220","선릉","2","220","0220","510742","1111880","37.504503","127.049008"
"1292","공덕","A","A02","2530","489187","1122797","37.544018","126.951592"
"1262","공덕","K","K312","2530","489187","1122797","37.544018","126.951592"
"2627","공덕","6","626","2530","489187","1122797","37.544018","126.951592"
"2530","공덕","5","529","2530","489187","1122797","37.544018","126.951592"
"1261","효창공원앞","K","K826","2628","491425","1121402","37.539261","126.961351"
"2628","효창공원앞","6","627","2628","491425","1121402","37.539261","126.961351"
"2719","태릉입구","7","717","2646","516430","1143262","37.617983","127.075120"
"2646","태릉입구","6","645","2646","516430","1143262","37.617983","127.075120"
"3207","검암","I2","I207","4209","427682","1129830","37.569104","126.673728"
"4209","검암","A","A07","4209","427682","1129830","37.569104","126.673728"
"3218","주안","I2","I218","1809","429187","1100850","37.464941","126.679923"
"1809","주안","1","156","1809","429187","1100850","37.464941","126.679923"
"1891","인천","SU","K264","1812","415080","1103977","37.476691","126.616936"
"1812","인천","1","161","1812","415080","1103977","37.476691","126.616936"
"3221","인천시청","I2","I221","3124","433955","1098822","37.457405","126.702221"
"3124","인천시청","I","I124","3124","433955","1098822","37.457405","126.702221"
"1014","청량리","K","K117","0158","510002","1132640","37.580178","127.046835"
"1305","청량리","G","P116","0158","510002","1132640","37.580178","127.046835"
"0158","청량리","1","124","0158","510002","1132640","37.580178","127.046835"
"1306","회기","G","P117","1015","512662","1135362","37.589460","127.057583"
"1015","회기","1","123","1015","512662","1135362","37.589460","127.057583"
"1200","회기","K","K118","1015","512662","1135362","37.589460","127.057583"
"1307","중랑","G","P118","1201","516572","1136827","37.594917","127.076116"
"1201","중랑","K","K119","1201","516572","1136827","37.594917","127.076116"
"2532","충정로","5","531","0243","491842","1127227","37.559973","126.963672"
"0243","충정로","2","243","0243","491842","1127227","37.559973","126.963672"
"2537","동대문역사문화공원","5","536","0205","501555","1128600","37.565138","127.007896"
"0205","동대문역사문화공원","2","205","0205","501555","1128600","37.565138","127.007896"
"0422","동대문역사문화공원","4","422","0205","501555","1128600","37.565138","127.007896"
"2635","청구","6","634","2538","502872","1127150","37.560245","127.013828"
"2538","청구","5","537","2538","502872","1127150","37.560245","127.013828"
"4711","성신여대입구","UI","951","0418","503476","1136257","37.592624","127.016403"
"0418","성신여대입구","4","418","0418","503476","1136257","37.592624","127.016403"
"4712","보문","UI","952","2639","504065","1134217","37.585286","127.019381"
"2639","보문","6","638","2639","504065","1134217","37.585286","127.019381"
"4713","신설동","UI","953","0156","505342","1131412","37.575297","127.025087"
"0246","신설동","2","211-4","0156","505342","1131412","37.575297","127.025087"
"0156","신설동","1","126","0156","505342","1131412","37.575297","127.025087"
"4102","김포공항","9","902","2513","455957","1127820","37.562434","126.801058"
"4207","김포공항","A","A05","2513","455957","1127820","37.562434","126.801058"
"2513","김포공항","5","512","2513","455957","1127820","37.562434","126.801058"
"4208","계양","A","A06","3110","441522","1130440","37.571462","126.735637"
"3110","계양","I","I110","3110","441522","1130440","37.571462","126.735637"
"4501","기흥","E","Y110","1865","525500","1048200","37.275619","127.115936"
"1865","기흥","B","K237","1865","525500","1048200","37.275619","127.115936"
"1011","옥수","K","K114","0325","503850","1121910","37.540685","127.017965"
"0325","옥수","3","335","0325","503850","1121910","37.540685","127.017965"
"1014","청량리","K","K117","0158","510002","1132640","37.580178","127.046835"
"1305","청량리","G","P116","0158","510002","1132640","37.580178","127.046835"
"0158","청량리","1","124","0158","510002","1132640","37.580178","127.046835"
"1025","도곡","B","K217","0334","512105","1107980","37.490858","127.055381"
"0334","도곡","3","344","0334","512105","1107980","37.490858","127.055381"
"1030","수서","B","K221","0339","522445","1106977","37.487371","127.101880"
"0339","수서","3","349","0339","522445","1106977","37.487371","127.101880"
"1264","홍대입구","K","K314","0239","483315","1126247","37.557192","126.925381"
"1293","홍대입구","A","A03","0239","483315","1126247","37.557192","126.925381"
"0239","홍대입구","2","239","0239","483315","1126247","37.557192","126.925381"
"1290","용산","K","K110","1003","491977","1118732","37.529849","126.964561"
"1003","용산","1","135","1003","491977","1118732","37.529849","126.964561"
"1294","디지털미디어시티","A","A04","2619","477750","1131825","37.576646","126.900984"
"2619","디지털미디어시티","6","618","2619","477750","1131825","37.576646","126.900984"
"1266","디지털미디어시티","K","K316","2619","477750","1131825","37.576646","126.900984"
"0152","종각","1","131","0152","496085","1129940","37.570161","126.982923"
"0154","종로5가","1","129","0154","500162","1130132","37.570926","127.001849"
"0155","동대문","1","128","0155","502155","1130180","37.571420","127.009745"
"0421","동대문","4","421","0155","502155","1130180","37.571420","127.009745"
"0321","충무로","3","331","0321","498550","1127582","37.561243","126.994280"
"0423","충무로","4","423","0321","498550","1127582","37.561243","126.994280"
"4713","신설동","UI","953","0156","505342","1131412","37.575297","127.025087"
"0246","신설동","2","211-4","0156","505342","1131412","37.575297","127.025087"
"0156","신설동","1","126","0156","505342","1131412","37.575297","127.025087"
"0157","제기동","1","125","0157","507552","1132159","37.578103","127.034893"
"1014","청량리","K","K117","0158","510002","1132640","37.580178","127.046835"
"1305","청량리","G","P116","0158","510002","1132640","37.580178","127.046835"
"0158","청량리","1","124","0158","510002","1132640","37.580178","127.046835"
"2637","동묘앞","6","636","0159","503422","1130557","37.572627","127.016429"
"0159","동묘앞","1","127","0159","503422","1130557","37.572627","127.016429"
"0202","을지로입구","2","202","0202","495832","1128752","37.566014","126.982618"
"0320","을지로3가","3","330","0203","497895","1128945","37.566295","126.991910"
"0203","을지로3가","2","203","0203","497895","1128945","37.566295","126.991910"
"4615","탑석","U","U125","4615","519500","1175280","37.733579","127.088704"
"4703","419민주묘지","UI","943","4703","","","",""
"4704","가오리","UI","944","4704","","","",""
"4705","화계","UI","945","4705","","","",""
"1290","용산","K","K110","1003","491977","1118732","37.529849","126.964561"
"1003","용산","1","135","1003","491977","1118732","37.529849","126.964561"
"1024","한티","B","k216","1024","511526","1109471","37.496237","127.052873"
"1026","구룡","B","k218","1026","512907","1106947","37.486839","127.058856"
"0314","홍제","3","324","0314","487507","1135130","37.589066","126.943736"
"1327","김유정","G","P138","1327","657027","1199465","37.818466","127.714340"
"1328","남춘천","G","P139","1328","659057","1212015","37.864007","127.723792"
"1406","풍기","1","P175","1406","","","",""
"1711","성균관대","1","P153","1711","493610","1054955","37.300349","126.970750"
"1030","수서","B","K221","0339","522445","1106977","37.487371","127.101880"
"0339","수서","3","349","0339","522445","1106977","37.487371","127.101880"
"0341","경찰병원","3","351","0341","527245","1109277","37.495918","127.124540"
"1813","구일","1","142","1813","471027","1109500","37.496756","126.870793"
"1854","야탑","B","K226","1854","528336","1086000","37.411185","127.128715"
"1950","삼송","3","318","1950","476770","1153035","37.653083","126.895558"
"1952","화정","3","316","1952","462986","1147997","37.634592","126.832650"
"2525","영등포시장","5","524","2525","478864","1116799","37.522669","126.905139"
"2554","상일동","5","553","2554","536415","1126182","37.556712","127.166417"
"2718","공릉","7","716","2718","515927","1145312","37.625742","127.072896"
"2741","상도","7","739","2741","488362","1111262","37.502834","126.947910"
"2536","을지로4가","5","535","0204","499460","1129122","37.566941","126.998079"
"0204","을지로4가","2","204","0204","499460","1129122","37.566941","126.998079"
"3112","박촌","I","I112","3112","443555","1125427","37.553703","126.745077"
"1863","구성","B","K235","1863","523000","1054700","37.298969","127.105664"
"1888","인하대","SU","K261","1888","424155","1090745","37.448493","126.649619"
"1889","숭의","SU","K262","1889","","","37.460789","126.638297"
"3137","센트럴파크","I","I137","3137","419000","1081040","37.393054","126.634729"
"3138","국제업무지구","I","I138","3138","418000","1082740","37.399907","126.630347"
"1269","강매","K","K319","1269","465720","1141779","37.612314","126.843223"
"1878","달월","SU","K251","1878","443455","1077245","37.379681","126.745177"
"1948","원흥","3","309","1948","472070","1152435","37.650658","126.872642"
"3205","완정","I2","I205","3205","","","37.592928","126.673203"
"1220","지평","K","K138","1220","","","",""
"3220","석바위시장","I2","I220","3220","","","37.457611","126.692575"
"1291","서울","A","A01","0150","493365","1125595","37.554648","126.972559"
"0150","서울","1","133","0150","493365","1125595","37.554648","126.972559"
"0426","서울","4","426","0150","493365","1125595","37.554648","126.972559"
"0201","시청","2","201","0151","494587","1128532","37.564718","126.977108"
"0151","시청","1","132","0151","494587","1128532","37.564718","126.977108"
"2537","동대문역사문화공원","5","536","0205","501555","1128600","37.565138","127.007896"
"0205","동대문역사문화공원","2","205","0205","501555","1128600","37.565138","127.007896"
"0422","동대문역사문화공원","4","422","0205","501555","1128600","37.565138","127.007896"
"0206","신당","2","206","0206","503765","1128712","37.565972","127.017820"
"2636","신당","6","635","0206","503765","1128712","37.565972","127.017820"
"0207","상왕십리","2","207","0207","506303","1128363","37.564354","127.029354"
"0208","왕십리","2","208","0208","508015","1127512","37.561533","127.037732"
"1845","왕십리","B","K210","0208","508015","1127512","37.561533","127.037732"
"2541","왕십리","5","540","0208","508015","1127512","37.561533","127.037732"
"1013","왕십리","K","K116","0208","508015","1127512","37.561533","127.037732"
"0209","한양대","2","209","0209","509450","1125912","37.555273","127.043655"
"0210","뚝섬","2","210","0210","510281","1123615","37.547184","127.047367"
"0211","성수","2","211","0211","512172","1122866","37.544581","127.055961"
"4310","청계산입구","S","D10","4310","511857","1096100","37.447211","127.055664"
"4701","북한산우이","UI","941","4701","","","",""
"2729","건대입구","7","727","0212","515365","1121815","37.540693","127.070230"
"0212","건대입구","2","212","0212","515365","1121815","37.540693","127.070230"
"0213","구의","2","213","0213","518867","1120790","37.537077","127.085916"
"0215","잠실나루","2","215","0215","522630","1116225","37.520733","127.103790"
"2815","잠실","8","814","0216","522390","1114282","37.513950","127.102234"
"0216","잠실","2","216","0216","522390","1114282","37.513950","127.102234"
"0217","잠실새내","2","217","0217","518955","1113730","37.511687","127.086162"
"0218","종합운동장","2","218","0218","516222","1113652","37.510997","127.073642"
"4130","종합운동장","9","930","0218","516222","1113652","37.510997","127.073642"
"0219","삼성","2","219","0219","513737","1113012","37.508844","127.063160"
"1023","선릉","B","K215","0220","510742","1111880","37.504503","127.049008"
"0220","선릉","2","220","0220","510742","1111880","37.504503","127.049008"
"0221","역삼","2","221","0221","507992","1110605","37.500622","127.036456"
"4307","강남","S","D7","0222","506032","1109640","37.497175","127.027926"
"0222","강남","2","222","0222","506032","1109640","37.497175","127.027926"
"0224","서초","2","224","0224","501595","1108160","37.491897","127.007917"
"0225","방배","2","225","0225","499277","1105368","37.481426","126.997596"
"0433","사당","4","433","0226","495760","1104005","37.476530","126.981685"
"0226","사당","2","226","0226","495760","1104005","37.476530","126.981685"
"0227","낙성대","2","227","0227","491805","1104272","37.476930","126.963693"
"0228","서울대입구","2","228","0228","489440","1105242","37.481247","126.952739"
"0229","봉천","2","229","0229","486905","1105552","37.482362","126.941892"
"0230","신림","2","230","0230","484275","1105992","37.484201","126.929715"
"0231","신대방","2","231","0231","480562","1107052","37.487462","126.913149"
"0232","구로디지털단지","2","232","0232","478070","1106435","37.485266","126.901401"
"2746","대림","7","744","0233","476705","1108675","37.492970","126.895801"
"0233","대림","2","233","0233","476705","1108675","37.492970","126.895801"
"0234","신도림","2","234","0234","475755","1112937","37.508725","126.891295"
"1007","신도림","1","140","0234","475755","1112937","37.508725","126.891295"
"0235","문래","2","235","0235","476561","1115505","37.517933","126.894760"
"2524","영등포구청","5","523","0236","476875","1117441","37.524970","126.895951"
"0236","영등포구청","2","236","0236","476875","1117441","37.524970","126.895951"
"4113","당산","9","913","0237","478290","1120184","37.534380","126.902281"
"0237","당산","2","237","0237","478290","1120184","37.534380","126.902281"
"0238","합정","2","238","0238","480875","1124362","37.549463","126.913739"
"2623","합정","6","622","0238","480875","1124362","37.549463","126.913739"
"1264","홍대입구","K","K314","0239","483315","1126247","37.557192","126.925381"
"1293","홍대입구","A","A03","0239","483315","1126247","37.557192","126.925381"
"0239","홍대입구","2","239","0239","483315","1126247","37.557192","126.925381"
"0240","신촌","2","240","0240","485922","1125867","37.555134","126.936893"
"0241","이대","2","241","0241","487955","1126182","37.556733","126.946013"
"0242","아현","2","242","0242","490052","1126335","37.557345","126.956141"
"2532","충정로","5","531","0243","491842","1127227","37.559973","126.963672"
"0243","충정로","2","243","0243","491842","1127227","37.559973","126.963672"
"0244","용답","2","211-1","0244","511015","1127677","37.561904","127.050899"
"0245","신답","2","211-2","0245","510310","1129987","37.570040","127.046481"
"0247","도림천","2","234-1","0247","473827","1114450","37.514287","126.882768"
"0248","양천구청","2","234-2","0248","470185","1113852","37.512398","126.865819"
"0249","신정네거리","2","234-3","0249","467370","1116015","37.520074","126.852912"
"0250","용두","2","211-3","0250","508200","1131077","37.574028","127.038091"
"0309","지축","3","319","0309","480805","1151557","37.648048","126.913951"
"0310","구파발","3","320","0310","481875","1148452","37.636763","126.918821"
"2615","연신내","6","614","0311","482372","1143485","37.619001","126.921008"
"0311","연신내","3","321","0311","482372","1143485","37.619001","126.921008"
"2613","불광","6","612","0312","484337","1140982","37.610469","126.929887"
"0312","불광","3","322","0312","484337","1140982","37.610469","126.929887"
"0313","녹번","3","323","0313","485672","1138467","37.600927","126.935756"
"0315","무악재","3","325","0315","488910","1133372","37.582299","126.950291"
"0316","독립문","3","326","0316","490525","1131175","37.574571","126.957748"
"0317","경복궁","3","327","0317","493895","1131520","37.575762","126.973530"
"0318","안국","3","328","0318","496540","1131750","37.576477","126.985443"
"0322","동대입구","3","332","0322","501022","1127027","37.559052","127.005602"
"0323","약수","3","333","0323","502197","1125470","37.554340","127.010655"
"2634","약수","6","633","0323","502197","1125470","37.554340","127.010655"
"0324","금호","3","334","0324","503275","1123820","37.548034","127.015872"
"1011","옥수","K","K114","0325","503850","1121910","37.540685","127.017965"
"0325","옥수","3","335","0325","503850","1121910","37.540685","127.017965"
"0326","압구정","3","336","0326","506121","1117883","37.527072","127.028461"
"0327","신사","3","337","0327","504302","1115065","37.516334","127.020114"
"0328","잠원","3","338","0328","502340","1113995","37.512759","127.011220"
"4123","고속터미널","9","923","0329","500913","1111778","37.504810","127.004943"
"2736","고속터미널","7","734","0329","500913","1111778","37.504810","127.004943"
"0329","고속터미널","3","339","0329","500913","1111778","37.504810","127.004943"
"0223","교대","2","223","0330","502900","1108655","37.493415","127.014080"
"0330","교대","3","340","0330","502900","1108655","37.493415","127.014080"
"0331","남부터미널","3","341","0331","503497","1106375","37.485013","127.016189"
"4308","양재","S","D8","0332","507387","1106032","37.484147","127.034631"
"0332","양재","3","342","0332","507387","1106032","37.484147","127.034631"
"0333","매봉","3","343","0333","510257","1106985","37.486947","127.046769"
"1025","도곡","B","K217","0334","512105","1107980","37.490858","127.055381"
"0334","도곡","3","344","0334","512105","1107980","37.490858","127.055381"
"0335","대치","3","345","0335","513907","1108850","37.494612","127.063642"
"0336","학여울","3","346","0336","515537","1109537","37.496663","127.070594"
"0337","대청","3","347","0337","517440","1108825","37.493514","127.079532"
"0338","일원","3","348","0338","518585","1106192","37.483681","127.084390"
"0409","당고개","4","409","0409","517267","1157807","37.670272","127.079066"
"0410","상계","4","410","0410","515995","1155000","37.660878","127.073572"
"2715","노원","7","713","0411","513622","1153612","37.655128","127.061368"
"0411","노원","4","411","0411","513622","1153612","37.655128","127.061368"
"0412","창동","4","412","0412","510370","1153032","37.653166","127.047731"
"1022","창동","1","116","0412","510370","1153032","37.653166","127.047731"
"0413","쌍문","4","413","0413","507572","1151735","37.648627","127.034709"
"0414","수유","4","414","0414","505477","1148677","37.638052","127.025732"
"0415","미아","4","415","0415","505667","1145592","37.626670","127.025983"
"0416","미아사거리","4","416","0416","506527","1141940","37.613292","127.030053"
"0417","길음","4","417","0417","505320","1139202","37.603407","127.025053"
"4711","성신여대입구","UI","951","0418","503476","1136257","37.592624","127.016403"
"0418","성신여대입구","4","418","0418","503476","1136257","37.592624","127.016403"
"0419","한성대입구","4","419","0419","501130","1135052","37.588458","127.006221"
"0420","혜화","4","420","0420","500245","1133299","37.582336","127.001844"
"0424","명동","4","424","0424","496773","1127452","37.560989","126.986325"
"0425","회현","4","425","0425","495072","1126787","37.558514","126.978246"
"0427","숙대입구","4","427","0427","493747","1122832","37.544560","126.972106"
"2629","삼각지","6","628","0428","493970","1120167","37.534777","126.973110"
"0428","삼각지","4","428","0428","493970","1120167","37.534777","126.973110"
"0429","신용산","4","429","0429","492830","1118597","37.529170","126.967894"
"1008","이촌","K","K111","0430","494107","1116637","37.522272","126.974345"
"0430","이촌","4","430","0430","494107","1116637","37.522272","126.974345"
"4120","동작","9","920","0431","495157","1111287","37.502971","126.979306"
"0431","동작","4","431","0431","495157","1111287","37.502971","126.979306"
"2738","총신대입구(이수)","7","736","0432","495900","1106635","37.486263","126.981989"
"0432","총신대입구(이수)","4","432","0432","495900","1106635","37.486263","126.981989"
"0434","남태령","4","434","0434","497392","1100550","37.463873","126.989134"
"1002","남영","1","134","1002","493462","1122025","37.541021","126.971300"
"4117","노량진","9","917","1004","487327","1114430","37.514219","126.942454"
"1004","노량진","1","136","1004","487327","1114430","37.514219","126.942454"
"1005","대방","1","137","1005","483645","1114340","37.513342","126.926382"
"1006","영등포","1","139","1006","479375","1114790","37.515504","126.907628"
"1009","서빙고","K","K112","1009","497257","1115882","37.519594","126.988537"
"1010","한남","K","K113","1010","501750","1118657","37.529430","127.009169"
"1012","응봉","K","K115","1012","507432","1124352","37.549946","127.034538"
"1306","회기","G","P117","1015","512662","1135362","37.589460","127.057583"
"1015","회기","1","123","1015","512662","1135362","37.589460","127.057583"
"1200","회기","K","K118","1015","512662","1135362","37.589460","127.057583"
"1016","외대앞","1","122","1016","513900","1137147","37.596073","127.063549"
"1017","신이문","1","121","1017","514704","1138814","37.601854","127.067325"
"2645","석계","6","644","1018","514452","1142315","37.614805","127.065851"
"1018","석계","1","120","1018","514452","1142315","37.614805","127.065851"
"1019","광운대","1","119","1019","513467","1144785","37.623632","127.061835"
"1308","광운대","G","P119","1019","513467","1144785","37.623632","127.061835"
"1020","월계","1","118","1020","512815","1147432","37.633212","127.058831"
"1021","녹천","1","117","1021","511557","1150497","37.644799","127.051269"
"1027","개포동","B","k219","1027","514487","1107365","37.489116","127.066140"
"1028","대모산입구","B","k220","1028","515977","1108135","37.491373","127.072720"
"2821","복정","8","820","1031","527842","1102047","37.470047","127.126662"
"1031","복정","B","K222","1031","527842","1102047","37.470047","127.126662"
"1032","신길","1","138","1032","481420","1115205","37.517122","126.917169"
"2526","신길","5","525","1032","481420","1115205","37.517122","126.917169"
"1307","중랑","G","P118","1201","516572","1136827","37.594917","127.076116"
"1201","중랑","K","K119","1201","516572","1136827","37.594917","127.076116"
"1203","망우","K","K121","1203","520227","1138095","37.599550","127.091909"
"1310","망우","G","P121","1203","520227","1138095","37.599550","127.091909"
"1204","양원","K","K122","1204","523632","1140087","37.606596","127.107906"
"1205","구리","K","K123","1205","531520","1139097","37.603392","127.143869"
"1206","도농","K","K124","1206","535400","1140587","37.608806","127.161153"
"1207","양정","K","K125","1207","542752","1139387","37.605330","127.193640"
"1208","덕소","K","K126","1208","545892","1134737","37.586781","127.208832"
"1209","도심","K","K127","1209","548956","1132632","37.579622","127.222672"
"1210","팔당","K","K128","1210","553656","1123632","37.547371","127.243939"
"1211","운길산","K","K129","1211","568456","1125732","37.554669","127.310115"
"1212","양수","K","K130","1212","572506","1123332","37.545981","127.329098"
"1213","신원","K","K131","1213","582256","1117732","37.525545","127.372921"
"1214","국수","K","K132","1214","587806","1115232","37.516169","127.399367"
"1215","아신","K","K133","1215","597856","1114532","37.513820","127.443173"
"1216","오빈","K","K134","1216","604526","1112452","37.506062","127.473868"
"1217","양평(경의중앙선)","K","K135","1217","608646","1108692","37.492832","127.491814"
"1218","원덕","K","K136","1218","620686","1102132","37.468672","127.547076"
"1219","용문","K","K137","1219","631106","1105832","37.482230","127.594647"
"1251","서울(경의중앙선)","K","P313","1251","493365","1125595","37.556328","126.969522"
"1252","신촌(경의중앙선)","K","P312","1252","487020","1127079","37.559783","126.942319"
"1263","서강대","K","K313","1263","485615","1124847","37.551881","126.935711"
"1265","가좌","K","K315","1265","480980","1129579","37.568491","126.915487"
"1267","수색","K","K317","1267","476820","1133079","37.580842","126.895611"
"1268","화전","K","K318","1268","470720","1139079","37.602888","126.868387"
"1270","행신","K","K320","1270","463270","1141629","37.612102","126.834146"
"1271","능곡","K","K321","1271","460120","1143579","37.618808","126.820783"
"1272","곡산","K","K323","1272","456120","1150979","37.645676","126.801762"
"1273","백마","K","K324","1273","454620","1154279","37.658239","126.794461"
"1274","풍산","K","K325","1274","452620","1158279","37.672346","126.786243"
"1275","일산","K","K326","1275","449020","1161080","37.682077","126.769846"
"1276","탄현","K","K327","1276","447100","1164280","37.694023","126.761086"
"1277","야당","K","K328","1277","","","37.712327","126.761356"
"1278","운정","K","K329","1278","448520","1173280","37.725826","126.767257"
"1279","금릉","K","K330","1279","448220","1180380","37.751322","126.765347"
"1280","금촌","K","K331","1280","450120","1184280","37.766217","126.774644"
"1282","월롱","K","K333","1282","454200","1192580","37.796188","126.792587"
"1283","파주","K","K334","1283","454200","1197940","37.815298","126.792783"
"1284","문산","K","K335","1284","453250","1208880","37.854619","126.788047"
"1311","신내","G","P122","1311","522627","1141915","37.612887","127.103218"
"1312","갈매","G","P123","1312","525127","1147615","37.634118","127.114757"
"1313","별내","G","P124","1313","528027","1149915","37.642020","127.126840"
"1314","퇴계원","G","P125","1314","531627","1151565","37.648311","127.143952"
"1315","사릉","G","P126","1315","538877","1152465","37.651080","127.176933"
"1316","금곡","G","P127","1316","545627","1148565","37.637382","127.207853"
"1317","평내호평","G","P128","1317","553727","1153065","37.653225","127.244493"
"1318","천마산","G","P129","1318","563227","1154365","37.658978","127.285379"
"1319","마석","G","P130","1319","568527","1153065","37.652782","127.311767"
"1320","대성리","G","P131","1320","583557","1161685","37.684071","127.379319"
"1321","청평","G","P132","1321","593827","1175965","37.735488","127.426610"
"1322","상천","G","P133","1322","599927","1185665","37.770246","127.454821"
"1323","가평","G","P134","1323","612227","1198065","37.814536","127.510739"
"1324","굴봉산","G","P135","1324","622627","1202925","37.832067","127.557695"
"1325","백양리","G","P136","1325","629627","1202665","37.830779","127.589330"
"1326","강촌","G","P137","1326","639467","1195735","37.805723","127.634146"
"1329","춘천","G","P140","1329","657427","1217865","37.885054","127.717023"
"1401","봉명","1","P170","1401","530135","916612","36.801215","127.135763"
"1402","쌍용(나사렛대)","1","P171","1402","526835","914512","36.793759","127.121400"
"1403","아산","1","P172","1403","523035","914062","36.792053","127.104361"
"1404","탕정","1","P173","1404","","","",""
"1405","배방","1","P174","1405","511635","910112","36.777629","127.052991"
"1407","온양온천","1","P176","1407","500535","910912","36.780483","127.003249"
"1408","신창","1","P177","1408","489035","907912","36.769502","126.951108"
"1450","선바위","4","435","1450","500385","1097110","37.451673","127.002303"
"1451","경마공원","4","436","1451","501607","1094842","37.443885","127.007888"
"1452","대공원","4","437","1452","501287","1092762","37.435675","127.006523"
"1453","과천","4","438","1453","499077","1091800","37.433021","126.996568"
"1454","정부과천청사","4","439","1454","497615","1090090","37.426513","126.989780"
"1455","인덕원","4","440","1455","494677","1083140","37.401553","126.976715"
"1456","평촌","4","441","1456","491940","1081142","37.394287","126.963883"
"1457","범계","4","442","1457","488992","1079953","37.389793","126.950806"
"1708","금정","1","P149","1458","487357","1075022","37.372221","126.943429"
"1458","금정","4","443","1458","487357","1075022","37.372221","126.943429"
"1503","삼동","KK","K412","1503","","","37.409522","127.20336"
"1504","경기광주","KK","K413","1504","","","37.399907","127.252630"
"1505","초월","KK","K414","1505","","","37.374419","127.29900"
"1506","곤지암","KK","K415","1506","","","37.351315","127.346740"
"1507","신둔도예촌","KK","K416","1507","","","37.317185","127.40476"
"1508","이천","KK","K417","1508","","","37.265579","127.442260"
"1509","부발","KK","K418","1509","","","37.260192","127.490277"
"1510","세종대왕릉","KK","K419","1510","","","37.295309","127.570938"
"1511","여주","KK","K420","1511","","","",""
"1701","구로","1","141","1701","473665","1111027","37.503039","126.881966"
"2748","가산디지털단지","7","746","1702","473861","1105307","37.481072","126.882343"
"1702","가산디지털단지","1","P142","1702","473861","1105307","37.481072","126.882343"
"1703","금천구청","1","P144","1703","476450","1098232","37.455626","126.893980"
"1704","석수","1","P145","1704","478195","1092480","37.435047","126.902295"
"1705","관악","1","P146","1705","479698","1088013","37.419232","126.908706"
"1706","안양","1","P147","1706","482735","1083190","37.401592","126.922874"
"1707","명학","1","P148","1707","485522","1078495","37.384653","126.935433"
"1709","군포","1","P150","1709","488327","1069692","37.353560","126.948462"
"1710","의왕","1","P152","1710","488252","1060692","37.320852","126.948217"
"1712","화서","1","P154","1712","497490","1050557","37.283862","126.989627"
"1713","수원","1","P155","1713","499747","1045517","37.265974","126.999874"
"1846","수원","B","K245","1713","499747","1045517","37.265974","126.999874"
"1714","독산","1","P143","1714","475327","1101222","37.466613","126.889249"
"1715","세류","1","P156","1715","502825","1039400","37.245025","127.013222"
"1716","병점","1","P157","1716","507147","1029150","37.207503","127.032731"
"1717","세마","1","P158","1717","509427","1023707","37.187533","127.043180"
"1718","오산대","1","P159","1718","513750","1018710","37.168953","127.063197"
"1719","오산","1","P160","1719","514562","1011910","37.145885","127.066720"
"1720","진위","1","P161","1720","513662","1002210","37.109447","127.062278"
"1721","송탄","1","P162","1721","511847","992717","37.075696","127.054301"
"1722","서정리","1","P163","1722","511607","987472","37.056496","127.052819"
"1723","지제","1","P164","1723","515467","977022","37.018800","127.070444"
"1724","평택","1","P165","1724","518805","969180","36.990726","127.085159"
"1725","성환","1","P166","1725","528022","948422","36.916076","127.126964"
"1726","직산","1","P167","1726","531832","935982","36.870593","127.143904"
"1727","두정","1","P168","1727","533047","925610","36.833705","127.148960"
"1728","천안","1","P169","1728","532535","919162","36.810005","127.146826"
"1729","당정","1","P151","1729","488329","1067092","37.344285","126.948345"
"1749","서동탄","1","P157-1","1749","511347","1026050","37.195504","127.051672"
"1750","광명","1","P144-1","1750","474465","1087601","37.416182","126.884466"
"1751","산본","4","444","1751","484987","1071127","37.358101","126.933274"
"1752","대야미","4","446","1752","481462","1062700","37.328467","126.917332"
"1753","반월","4","447","1753","478522","1058497","37.312212","126.903524"
"1754","상록수","4","448","1754","470314","1055852","37.302795","126.866489"
"1755","한대앞","4","449","1755","467472","1057792","37.309689","126.853440"
"1756","중앙","4","450","1756","464005","1059422","37.315941","126.838573"
"1757","고잔","4","451","1757","460565","1059785","37.316777","126.823249"
"1758","초지","4","452","1758","456877","1060755","37.320646","126.805913"
"1759","안산","4","453","1759","453040","1062570","37.327082","126.788532"
"1760","신길온천","4","454","1760","448260","1065560","37.338212","126.765844"
"1761","정왕","4","455","1761","442835","1069400","37.351735","126.742989"
"1877","오이도","SU","K250","1762","441955","1072345","37.362357","126.738714"
"1762","오이도","4","456","1762","441955","1072345","37.362357","126.738714"
"1763","수리산","4","445","1763","483320","1068927","37.349801","126.925365"
"1801","개봉","1","143","1801","468537","1109170","37.494594","126.858680"
"1802","오류동","1","144","1802","465445","1108947","37.494526","126.845365"
"1803","역곡","1","146","1803","458312","1106430","37.485178","126.811502"
"1804","부천","1","148","1804","451774","1106150","37.484050","126.782686"
"1805","송내","1","150","1805","445200","1107120","37.487600","126.753664"
"3120","부평","I","I120","1806","438837","1107772","37.489493","126.724805"
"1806","부평","1","152","1806","438837","1107772","37.489493","126.724805"
"1807","백운","1","153","1807","435164","1105969","37.483664","126.707704"
"1808","동암","1","154","1808","434192","1102477","37.471408","126.702896"
"3218","주안","I2","I218","1809","429187","1100850","37.464941","126.679923"
"1809","주안","1","156","1809","429187","1100850","37.464941","126.679923"
"1810","제물포","1","158","1810","424050","1101375","37.466769","126.656666"
"1811","동인천","1","160","1811","418562","1103812","37.475276","126.632802"
"1891","인천","SU","K264","1812","415080","1103977","37.476691","126.616936"
"1812","인천","1","161","1812","415080","1103977","37.476691","126.616936"
"1815","부개","1","151","1815","442407","1107372","37.488418","126.741090"
"1816","간석","1","155","1816","432214","1100821","37.464737","126.694181"
"1817","도원","1","159","1817","420742","1101893","37.468446","126.642706"
"2752","온수","7","750","1821","460825","1108360","37.492258","126.823388"
"1821","온수","1","145","1821","460825","1108360","37.492258","126.823388"
"1822","중동","1","149","1822","447750","1106820","37.486562","126.764843"
"1823","도화","1","157","1823","426550","1101115","37.466070","126.668672"
"1847","서울숲","B","K211","1847","509642","1122580","37.543617","127.044707"
"1848","압구정로데오","B","K212","1848","508842","1118080","37.527381","127.040534"
"1814","소사","1","147","1814","454610","1105667","37.482753","126.795440"
"4127","선정릉","9","927","1850","509542","1113380","37.510980","127.043593"
"1850","선정릉","B","K214","1850","509542","1113380","37.510980","127.043593"
"1851","가천대","B","K223","1851","527950","1096310","37.448605","127.126697"
"1852","태평","B","K224","1852","528172","1093737","37.440019","127.127709"
"1853","모란","B","K225","1853","528402","1091947","37.432130","127.129087"
"2827","모란","8","826","1853","528402","1091947","37.432130","127.129087"
"1855","서현","B","K228","1855","527192","1078555","37.385126","127.123592"
"1856","수내","B","K229","1856","525145","1076772","37.378455","127.114322"
"4312","정자","S","D12","1857","523707","1073515","37.367060","127.108105"
"1857","정자","B","K230","1857","523707","1073515","37.367060","127.108105"
"1858","미금","B","K231","1858","523957","1068933","37.350077","127.108910"
"1859","오리","B","K232","1859","524013","1065930","37.339824","127.108942"
"1502","이매","KK","K411","1860","528285","1081810","37.396104","127.128270"
"1860","이매","B","K227","1860","528285","1081810","37.396104","127.128270"
"1861","보정","B","K234","1861","523768","1058578","37.312752","127.108196"
"1862","죽전","B","K233","1862","523610","1061899","37.324753","127.107395"
"1864","신갈","B","K236","1864","524500","1051200","37.286102","127.111313"
"4501","기흥","E","Y110","1865","525500","1048200","37.275619","127.115936"
"1865","기흥","B","K237","1865","525500","1048200","37.275619","127.115936"
"1866","상갈","B","K238","1866","524100","1044500","37.261810","127.108847"
"1867","청명","B","K239","1867","517500","1043900","37.259489","127.078934"
"1868","영통","B","K240","1868","515700","1041600","37.251568","127.071394"
"1869","망포","B","K241","1869","512500","1040000","37.245795","127.057353"
"1870","매탄권선","B","K242","1870","508800","1042000","37.252759","127.040566"
"1871","수원시청","B","K243","1871","506500","1044700","37.261911","127.030736"
"1872","매교","B","K244","1872","503400","1045300","37.265481","127.015678"
"1879","월곶","SU","K252","1879","442655","1080745","37.391769","126.742699"
"1880","소래포구","SU","K253","1880","440955","1083045","37.400950","126.733522"
"1881","인천논현","SU","K254","1881","438355","1083045","37.400614","126.722478"
"1882","호구포","SU","K255","1882","435255","1083345","37.401637","126.708627"
"1883","남동인더스파크","SU","K256","1883","432555","1084945","37.407722","126.695216"
"1885","연수","SU","K258","1885","428755","1087845","37.417804","126.678940"
"1886","송도","SU","K259","1886","424155","1090745","37.428514","126.657772"
"1890","신포","SU","K263","1890","","","37.468740","126.623853"
"1901","방학","1","115","1901","509602","1157006","37.667503","127.044273"
"1902","도봉","1","114","1902","509890","1160207","37.679563","127.045595"
"1903","도봉산","1","113","1903","510065","1163090","37.689313","127.046222"
"2712","도봉산","7","710","1903","510065","1163090","37.689313","127.046222"
"1904","망월사","1","112","1904","510207","1168925","37.709914","127.047455"
"4602","회룡","U","U111","1905","510190","1172670","37.724846","127.046895"
"1905","회룡","1","111","1905","510190","1172670","37.724846","127.046895"
"1906","의정부","1","110","1906","509950","1176650","37.738415","127.045958"
"1907","가능","1","109","1907","509550","1179510","37.748577","127.044213"
"1908","녹양","1","108","1908","509151","1182411","37.759380","127.042292"
"1909","양주","1","107","1909","509651","1186511","37.774381","127.044708"
"1910","덕계","1","106","1910","512355","1198910","37.818486","127.056486"
"1911","덕정","1","105","1911","513355","1205710","37.843188","127.061277"
"1912","지행","1","104","1912","512155","1219310","37.892334","127.055716"
"1913","동두천중앙","1","103","1913","512255","1222010","37.901885","127.056482"
"1914","보산","1","102","1914","512355","1225370","37.913702","127.057277"
"1915","동두천","1","101","1915","511905","1229110","37.927878","127.054790"
"1916","소요산","1","100","1916","513255","1235010","37.948100","127.061034"
"1951","원당","3","317","1951","465247","1153090","37.653324","126.843041"
"1953","대곡","3","315","1953","458007","1147052","37.631626","126.811024"
"1249","대곡","K","K322","1953","458007","1147052","37.631626","126.811024"
"1954","백석","3","314","1954","453049","1150265","37.643114","126.787870"
"1955","마두","3","313","1955","450765","1152723","37.652206","126.777620"
"1956","정발산","3","312","1956","449837","1154790","37.659477","126.773359"
"1957","주엽","3","311","1957","447158","1157765","37.670072","126.761334"
"1958","대화","3","310","1958","444178","1159423","37.676087","126.747569"
"2511","방화","5","510","2511","458487","1132005","37.577446","126.812741"
"2512","개화산","5","511","2512","457115","1130677","37.572399","126.806171"
"4102","김포공항","9","902","2513","455957","1127820","37.562434","126.801058"
"4207","김포공항","A","A05","2513","455957","1127820","37.562434","126.801058"
"2513","김포공항","5","512","2513","455957","1127820","37.562434","126.801058"
"2514","송정","5","513","2514","458327","1127585","37.561184","126.811973"
"2515","마곡","5","514","2515","461137","1127285","37.560183","126.825448"
"2516","발산","5","515","2516","463930","1126865","37.558598","126.837668"
"2517","우장산","5","516","2517","463575","1124075","37.548768","126.836318"
"2518","화곡","5","517","2518","464647","1121977","37.541513","126.840461"
"2519","까치산","5","518","2519","466017","1119387","37.531768","126.846683"
"0260","까치산","2","234-4","2519","466017","1119387","37.531768","126.846683"
"2520","신정","5","519","2520","467952","1117395","37.524997","126.856191"
"2521","목동","5","520","2521","469885","1117862","37.526065","126.864931"
"2522","오목교","5","521","2522","472327","1117257","37.524496","126.875181"
"2523","양평","5","522","2523","474744","1117620","37.525648","126.885778"
"2527","여의도","5","526","2527","483100","1116530","37.521624","126.924191"
"4115","여의도","9","915","2527","483100","1116530","37.521624","126.924191"
"2528","여의나루","5","527","2528","485020","1118070","37.527098","126.932901"
"2529","마포","5","528","2529","487855","1121387","37.539574","126.945932"
"1292","공덕","A","A02","2530","489187","1122797","37.544018","126.951592"
"1262","공덕","K","K312","2530","489187","1122797","37.544018","126.951592"
"2627","공덕","6","626","2530","489187","1122797","37.544018","126.951592"
"2530","공덕","5","529","2530","489187","1122797","37.544018","126.951592"
"2531","애오개","5","530","2531","490233","1125313","37.553736","126.956820"
"2533","서대문","5","532","2533","492467","1128777","37.565773","126.966641"
"2534","광화문","5","533","2534","494520","1130442","37.571026","126.976669"
"2635","청구","6","634","2538","502872","1127150","37.560245","127.013828"
"2538","청구","5","537","2538","502872","1127150","37.560245","127.013828"
"2539","신금호","5","538","2539","504357","1125662","37.554548","127.020331"
"2540","행당","5","539","2540","506397","1126405","37.557322","127.029476"
"2542","마장","5","541","2542","509362","1128847","37.566100","127.042973"
"2543","답십리","5","542","2543","511330","1129032","37.566747","127.052704"
"2544","장한평","5","543","2544","513985","1127595","37.561440","127.064623"
"2727","군자","7","725","2545","517395","1126285","37.557121","127.079542"
"2545","군자","5","544","2545","517395","1126285","37.557121","127.079542"
"2546","아차산","5","545","2546","519537","1125055","37.551691","127.089761"
"2547","광나루","5","546","2547","522710","1123015","37.545303","127.103570"
"2812","천호","8","811","2548","527042","1121095","37.538397","127.123572"
"2548","천호","5","547","2548","527042","1121095","37.538397","127.123572"
"2549","강동","5","548","2549","529040","1120490","37.535804","127.132481"
"2550","길동","5","549","2550","530777","1121007","37.537801","127.140004"
"2551","굽은다리","5","550","2551","531440","1123127","37.545477","127.142853"
"2552","명일","5","551","2552","531702","1124652","37.551370","127.143999"
"2553","고덕","5","552","2553","533850","1125845","37.555004","127.154151"
"2555","둔촌동","5","P549","2555","529927","1118215","37.527788","127.136248"
"2556","올림픽공원","5","P550","2556","528797","1115072","37.516078","127.130848"
"2557","방이","5","P551","2557","527705","1112922","37.508857","127.126133"
"2558","오금","5","P552","2558","528137","1111147","37.502162","127.128111"
"0342","오금","3","352","2558","528137","1111147","37.502162","127.128111"
"2559","개롱","5","P553","2559","529600","1110007","37.498079","127.134820"
"2560","거여","5","P554","2560","531620","1108740","37.493105","127.144150"
"2561","마천","5","P555","2561","533682","1109147","37.494990","127.152781"
"2611","응암","6","610","2611","481137","1137787","37.598605","126.915577"
"2612","역촌","6","611","2612","482885","1139980","37.606021","126.922744"
"2614","독바위","6","613","2614","485010","1143355","37.618456","126.933031"
"2616","구산","6","615","2616","481445","1141345","37.611377","126.917270"
"2617","새절","6","616","2617","480680","1135812","37.591148","126.913629"
"2618","증산","6","617","2618","479815","1133702","37.583876","126.909645"
"1294","디지털미디어시티","A","A04","2619","477750","1131825","37.576646","126.900984"
"2619","디지털미디어시티","6","618","2619","477750","1131825","37.576646","126.900984"
"1266","디지털미디어시티","K","K316","2619","477750","1131825","37.576646","126.900984"
"2620","월드컵경기장","6","619","2620","477497","1129932","37.569532","126.899298"
"2621","마포구청","6","620","2621","478397","1128185","37.563515","126.903343"
"2622","망원","6","621","2622","479897","1125917","37.556094","126.910052"
"2624","상수","6","623","2624","482785","1123665","37.547716","126.922852"
"2625","광흥창","6","624","2625","484776","1123677","37.547456","126.931993"
"2626","대흥","6","625","2626","487020","1123710","37.547771","126.942069"
"1261","효창공원앞","K","K826","2628","491425","1121402","37.539261","126.961351"
"2628","효창공원앞","6","627","2628","491425","1121402","37.539261","126.961351"
"2630","녹사평","6","629","2630","496899","1120133","37.534675","126.986695"
"2631","이태원","6","630","2631","498620","1120045","37.534488","126.994302"
"2632","한강진","6","631","2632","500155","1121477","37.539631","127.001725"
"2633","버티고개","6","632","2633","501220","1123845","37.548013","127.007055"
"2638","창신","6","637","2638","503160","1132590","37.579661","127.015241"
"4712","보문","UI","952","2639","504065","1134217","37.585286","127.019381"
"2639","보문","6","638","2639","504065","1134217","37.585286","127.019381"
"2640","안암","6","639","2640","506240","1134387","37.586272","127.029005"
"2641","고려대","6","640","2641","507807","1135480","37.590508","127.036296"
"2642","월곡","6","641","2642","508970","1138772","37.601948","127.041518"
"2643","상월곡","6","642","2643","510502","1140015","37.606377","127.048491"
"2644","돌곶이","6","643","2644","512415","1141217","37.610537","127.056431"
"2719","태릉입구","7","717","2646","516430","1143262","37.617983","127.075120"
"2646","태릉입구","6","645","2646","516430","1143262","37.617983","127.075120"
"2647","화랑대","6","646","2647","518457","1143835","37.620064","127.084689"
"2648","봉화산","6","647","2648","520005","1143042","37.617283","127.091401"
"2711","장암","7","709","2711","511532","1165895","37.700109","127.053196"
"2713","수락산","7","711","2713","512022","1159800","37.677850","127.055315"
"2714","마들","7","712","2714","512587","1156285","37.664940","127.057675"
"2716","중계","7","714","2716","514005","1150745","37.644583","127.064303"
"2717","하계","7","715","2717","514942","1148310","37.636352","127.067990"
"2720","먹골","7","718","2720","516982","1141245","37.610637","127.077725"
"2721","중화","7","719","2721","517345","1138885","37.602545","127.079264"
"2722","상봉","7","720","2722","518665","1137145","37.596362","127.085032"
"1202","상봉","K","K120","2722","518665","1137145","37.596362","127.085032"
"1309","상봉","G","P120","2722","518665","1137145","37.596362","127.085032"
"2723","면목","7","721","2723","519095","1135127","37.588579","127.087503"
"2724","사가정","7","722","2724","519355","1132955","37.580894","127.088478"
"2725","용마산","7","723","2725","519027","1131010","37.573647","127.086727"
"2726","중곡","7","724","2726","518432","1128785","37.565923","127.084320"
"2728","어린이대공원","7","726","2728","516326","1123811","37.548014","127.074658"
"2730","뚝섬유원지","7","728","2730","514630","1119362","37.531540","127.066704"
"2731","청담","7","729","2731","511695","1115877","37.519365","127.053350"
"1849","강남구청","B","K213","2732","508965","1115207","37.517186","127.041280"
"2732","강남구청","7","730","2732","508965","1115207","37.517186","127.041280"
"2733","학동","7","731","2733","506875","1114372","37.514229","127.031656"
"2734","논현","7","732","2734","504607","1113585","37.511093","127.021415"
"2735","반포","7","733","2735","502410","1112792","37.508178","127.011727"
"2737","내방","7","735","2737","498380","1107067","37.487618","126.993513"
"2739","남성","7","737","2739","493425","1106212","37.484596","126.971251"
"2740","숭실대입구","7","738","2740","489665","1109427","37.496029","126.953822"
"2742","장승배기","7","740","2742","486295","1111810","37.504898","126.939150"
"2743","신대방삼거리","7","741","2743","483905","1110495","37.499701","126.928276"
"2744","보라매","7","742","2744","482252","1110542","37.499872","126.920428"
"2745","신풍","7","743","2745","479802","1110590","37.500080","126.909930"
"2747","남구로","7","745","2747","474900","1106587","37.486056","126.887249"
"2749","철산","7","747","2749","470762","1103950","37.476050","126.867911"
"2750","광명사거리","7","748","2750","467782","1104757","37.479252","126.854876"
"2751","천왕","7","749","2751","464220","1106935","37.486637","126.838713"
"2753","까치울","7","751","2753","458020","1112272","37.506207","126.810939"
"2754","부천종합운동장","7","752","2754","455120","1111972","37.505380","126.797337"
"2755","춘의","7","753","2755","452720","1111572","37.503663","126.787036"
"2756","신중동","7","754","2756","450320","1111472","37.503048","126.775960"
"2757","부천시청","7","755","2757","447620","1111872","37.504631","126.763538"
"2758","상동","7","756","2758","445320","1112172","37.505781","126.753083"
"2759","삼산체육관","7","757","2759","442720","1112472","37.506411","126.742153"
"2760","굴포천","7","758","2760","440720","1112472","37.506997","126.731280"
"2811","암사","8","810","2811","528032","1124410","37.550210","127.127562"
"2813","강동구청","8","812","2813","526464","1118973","37.530341","127.120508"
"2814","몽촌토성","8","813","2814","524665","1115335","37.517409","127.112359"
"2816","석촌","8","815","2816","523577","1112057","37.505431","127.106979"
"2817","송파","8","816","2817","524542","1110377","37.499703","127.112183"
"2818","가락시장","8","817","2818","525992","1108579","37.492522","127.118234"
"0340","가락시장","3","350","2818","525992","1108579","37.492522","127.118234"
"2819","문정","8","818","2819","526900","1106552","37.485855","127.122500"
"2820","장지","8","819","2820","527750","1104572","37.478703","127.126191"
"2822","산성","8","821","2822","532892","1098445","37.457122","127.149908"
"2823","남한산성입구","8","822","2823","535225","1097102","37.451535","127.159816"
"2824","단대오거리","8","823","2824","534430","1095327","37.445210","127.156866"
"2825","신흥","8","824","2825","532420","1094155","37.440918","127.147564"
"2826","수진","8","825","2826","530897","1093162","37.437428","127.140722"
"4208","계양","A","A06","3110","441522","1130440","37.571462","126.735637"
"3110","계양","I","I110","3110","441522","1130440","37.571462","126.735637"
"3111","귤현","I","I111","3111","442922","1128840","37.566379","126.742654"
"3113","임학","I","I113","3113","442125","1123022","37.545059","126.738665"
"3114","계산","I","I114","3114","439762","1122675","37.543238","126.728128"
"3115","경인교대입구","I","I115","3115","438555","1121145","37.538157","126.722597"
"3116","작전","I","I116","3116","438570","1119005","37.530415","126.722527"
"3117","갈산","I","I117","3117","438274","1115301","37.517268","126.721514"
"3118","부평구청","I","I118","3118","438020","1112972","37.508336","126.720548"
"2761","부평구청","7","759","3118","438020","1112972","37.508336","126.720548"
"3119","부평시장","I","I119","3119","438337","1110062","37.498383","126.722244"
"3121","동수","I","I121","3121","437695","1106492","37.485312","126.718247"
"3122","부평삼거리","I","I122","3122","435765","1104420","37.477679","126.710208"
"3123","간석오거리","I","I123","3123","435212","1101395","37.467048","126.707938"
"3221","인천시청","I2","I221","3124","433955","1098822","37.457405","126.702221"
"3124","인천시청","I","I124","3124","433955","1098822","37.457405","126.702221"
"3125","예술회관","I","I125","3125","433617","1096297","37.449396","126.701012"
"3126","인천터미널","I","I126","3126","433307","1094520","37.442383","126.699706"
"3127","문학경기장","I","I127","3127","433030","1092422","37.434935","126.698579"
"3128","선학","I","I128","3128","433222","1090365","37.426684","126.698863"
"3129","신연수","I","I129","3129","432092","1087825","37.418040","126.693863"
"3130","원인재","I","I130","3130","430747","1086298","37.412603","126.687389"
"1884","원인재","SU","K257","3130","430747","1086298","37.412603","126.687389"
"3131","동춘","I","I131","3131","429241","1084081","37.404737","126.681015"
"3132","동막","I","I132","3132","427474","1082340","37.397878","126.674005"
"3133","캠퍼스타운","I","I133","3133","425000","1079640","37.387855","126.661673"
"3134","테크노파크","I","I134","3134","423720","1077970","37.382268","126.656365"
"3135","지식정보단지","I","I135","3135","421500","1076640","37.378384","126.645168"
"3136","인천대입구","I","I136","3136","420000","1079040","37.386007","126.639484"
"3201","검단오류","I2","I201","3201","","","37.594877","126.627178"
"3202","왕길","I2","I202","3202","","","37.595180","126.642696"
"3203","검단사거리","I2","I203","3203","","","37.601850","126.657108"
"3204","마전","I2","I204","3204","","","37.597566","126.666998"
"3206","독정","I2","I206","3206","","","37.585212","126.675844"
"3208","검바위","I2","I208","3208","","","37.561405","126.677566"
"3209","아시아드경기장","I2","I209","3209","","","37.551700","126.677122"
"3210","서구청","I2","I210","3210","","","37.543742","126.676787"
"3211","가정","I2","I211","3211","","","37.524649","126.675539"
"3212","가정중앙시장","I2","I212","3212","","","37.517054","126.676672"
"3213","석남","I2","I213","3213","","","37.506193","126.676203"
"3214","서부여성회관","I2","I214","3214","","","37.506193","126.676203"
"3215","인천가좌","I2","I215","3215","","","37.489700","126.675208"
"3216","가재울","I2","I216","3216","","","37.484192","126.683673"
"3217","주안국가산단","I2","I217","3217","","","37.473703","126.681130"
"3219","시민공원","I2","I219","3219","","","37.458335","126.681192"
"3222","석천사거리","I2","I222","3222","","","37.456805","126.709986"
"3223","모래내시장","I2","I223","3223","","","37.455830","126.719298"
"3224","만수","I2","I224","3224","","","37.454911","126.732094"
"3225","남동구청","I2","I225","3225","","","37.448161","126.736939"
"3226","인천대공원","I2","I226","3226","","","37.448769","126.752618"
"3227","운연","I2","I227","3227","","","37.440127","126.759970"
"4101","개화","9","901","4101","455020","1132300","37.578608","126.798153"
"4103","공항시장","9","903","4103","458100","1128200","37.563726","126.810678"
"4104","신방화","9","904","4104","459400","1129200","37.567532","126.816601"
"4105","마곡나루","9","905","4105","461700","1129100","37.567336","126.829497"
"4106","양천향교","9","906","4106","464880","1129370","37.568381","126.841333"
"4107","가양","9","907","4107","467700","1127500","37.561391","126.854456"
"4108","증미","9","908","4108","469000","1126600","37.557402","126.861939"
"4109","등촌","9","909","4109","470000","1124700","37.550632","126.865689"
"4110","염창","9","910","4110","472150","1123550","37.546936","126.874916"
"4111","신목동","9","911","4111","474030","1122700","37.544277","126.883080"
"4112","선유도","9","912","4112","476232","1121000","37.538020","126.893525"
"4114","국회의사당","9","914","4114","481632","1118278","37.528105","126.917874"
"4116","샛강","9","916","4116","483932","1115178","37.517274","126.928422"
"4118","노들","9","918","4118","489532","1114078","37.512887","126.953222"
"4119","흑석","9","919","4119","491832","1112978","37.508770","126.963708"
"4121","구반포","9","921","4121","497032","1110978","37.501364","126.987332"
"4122","신반포","9","922","4122","499032","1111478","37.503415","126.995925"
"4124","사평","9","924","4124","503232","1111740","37.504206","127.015259"
"4125","신논현","9","925","4125","505392","1111790","37.504598","127.025060"
"4126","언주","9","926","4126","507392","1112490","37.507287","127.033868"
"4128","삼성중앙","9","928","4128","511392","1113890","37.513011","127.053282"
"4129","봉은사","9","929","4129","513192","1114390","37.514219","127.060245"
"3207","검암","I2","I207","4209","427682","1129830","37.569104","126.673728"
"4209","검암","A","A07","4209","427682","1129830","37.569104","126.673728"
"4210","청라국제도시","A","A071","4210","416682","1126230","37.555878","126.625327"
"4211","운서","A","A08","4211","387922","1108780","37.492904","126.493790"
"4212","공항화물청사","A","A09","4212","384282","1099430","37.458366","126.476241"
"4213","인천국제공항","A","A10","4213","378682","1096230","37.447464","126.452508"
"4217","영종","A","A072","4217","387922","1108780","37.511466","126.523700"
"4309","양재시민의숲","S","D9","4309","508350","1102150","37.470023","127.038420"
"4511","김량장","E","Y119","4511","543900","1037700","37.237247","127.198781"
"4512","운동장?송담대","E","Y120","4512","546300","1037800","37.237845","127.209198"
"4513","고진","E","Y121","4513","547400","1039700","37.244840","127.214251"
"4514","보평","E","Y123","4514","548400","1043700","37.258965","127.218457"
"4515","둔전","E","Y125","4515","547400","1045900","37.267051","127.213640"
"4517","전대?에버랜드","E","Y126","4517","548800","1051000","37.285342","127.219561"
"4601","발곡","U","U110","4601","511590","1173570","37.727048","127.052803"
"4603","범골","U","U112","4603","509590","1174070","37.728755","127.043530"
"4604","경전철의정부","U","U113","4604","509590","1176320","37.737202","127.043257"
"4605","의정부시청","U","U114","4605","507590","1176820","37.739256","127.034781"
"4606","흥선","U","U115","4606","508090","1177950","37.743302","127.037023"
"4607","의정부중앙","U","U117","4607","510990","1178050","37.743676","127.049565"
"4608","동오","U","U118","4608","512490","1178550","37.745271","127.056947"
"4609","새말","U","U119","4609","513990","1179480","37.748885","127.063620"
"4610","경기도청북부청사","U","U120","4610","515700","1180050","37.750590","127.071495"
"4611","효자","U","U121","4611","517000","1180930","37.754025","127.076902"
"4612","곤제","U","U122","4612","518200","1179980","37.750471","127.083715"
"4613","어룡","U","U123","4613","518600","1177780","37.742802","127.085035"
"4614","송산","U","U124","4614","519100","1176280","37.737279","127.087159"
"4702","솔밭공원","UI","942","4702","","","",""
"4706","삼양","UI","946","4706","","","",""
"4707","삼양사거리","UI","947","4707","","","",""
"4708","솔샘","UI","948","4708","","","",""
"4709","북한산보국문","UI","949","4709","","","",""
"4710","정릉","UI","950","4710","","","",""
"4311","판교","S","D11","4311","524500","1081300","37.394761","127.111217"
"1501","판교","KK","K410","4311","524500","1081300","37.394761","127.111217"
"4314","동천","S","D14","4314","","","37.337928","127.102976"
"4315","수지구청","S","D15","4315","","","37.322702","127.095026"
"4316","성복","S","D16","4316","","","37.313335","127.080100"
"4317","상현","S","D17","4317","","","37.297664","127.069342"
"4318","광교중앙","S","D18","4318","","","37.288617","127.051478"
"4319","광교","S","D19","4319","","","37.302110","127.044483"
"4502","강남대","E","Y111","4502","527800","1046600","37.270161","127.126033"
"4503","지석","E","Y112","4503","530200","1046500","37.269606","127.136515"
"4504","어정","E","Y113","4504","531700","1048000","37.274917","127.143714"
"4505","동백","E","Y114","4505","533700","1046500","37.269043","127.152716"
"4506","초당","E","Y115","4506","535500","1044100","37.260752","127.159443"
"4508","삼가","E","Y116","4508","537300","1039000","37.242115","127.168075"
"4509","시청?용인대","E","Y117","4509","539500","1038300","37.239151","127.178406"
"4510","명지대","E","Y118","4510","542100","1037900","37.237964","127.190294"